{
    "type": "application",
    "source-directories": [
        "src",
        "post-app"
    ],
    "elm-version": "0.19.1",
    "dependencies": {
        "direct": {
            "NoRedInk/elm-json-decode-pipeline": "1.0.1",
            "elm/browser": "1.0.2",
            "elm/core": "1.0.5",
            "elm/html": "1.0.0",
            "elm/http": "2.0.0",
            "elm/json": "1.1.3",
            "elm/parser": "1.1.0",
            "elm/url": "1.0.0",
            "krisajenkins/remotedata": "6.0.1",
            "ohanhi/remotedata-http": "4.0.0"
        },
        "indirect": {
            "elm/bytes": "1.0.8",
            "elm/file": "1.0.5",
            "elm/time": "1.0.0",
            "elm/virtual-dom": "1.0.3"
        }
    },
    "test-dependencies": {
        "direct": {},
        "indirect": {}
    }
}
