{
    "servers": [
        {
            "char_maker": 0,
            "count": 1507,
            "diamonds": 97926,
            "farmers": 449,
            "open": false,
            "server_id": 1001,
            "states": {
                "connecting_lobby": 5,
                "ingame": 92,
                "nil": 1765,
                "proc_dead": 26
            }
        },
        {
            "char_maker": 0,
            "count": 546,
            "diamonds": 66678,
            "farmers": 546,
            "open": false,
            "server_id": 1002,
            "states": {
                "connecting_lobby": 8,
                "ingame": 121,
                "nil": 875,
                "proc_dead": 39
            }
        },
        {
            "char_maker": 0,
            "count": 515,
            "diamonds": 2573,
            "farmers": 313,
            "open": false,
            "server_id": 1003,
            "states": {
                "connecting_lobby": 8,
                "ingame": 71,
                "nil": 727,
                "proc_dead": 10
            }
        },
        {
            "char_maker": 0,
            "count": 1318,
            "diamonds": 13828,
            "farmers": 640,
            "open": false,
            "server_id": 1004,
            "states": {
                "connecting_gs": 1,
                "connecting_lobby": 15,
                "ingame": 112,
                "nil": 1966,
                "proc_dead": 42
            }
        },
        {
            "char_maker": 0,
            "count": 79,
            "diamonds": 15787,
            "farmers": 79,
            "open": false,
            "server_id": 1005,
            "states": {
                "ingame": 75,
                "nil": 346,
                "proc_dead": 3
            }
        },
        {
            "char_maker": 0,
            "count": 2,
            "diamonds": 133,
            "farmers": 2,
            "open": false,
            "server_id": 1006,
            "states": {
                "ingame": 1,
                "nil": 1
            }
        },
        {
            "char_maker": 0,
            "count": 273,
            "diamonds": 795,
            "farmers": 206,
            "open": false,
            "server_id": 1007,
            "states": {
                "connecting_lobby": 2,
                "ingame": 6,
                "nil": 314
            }
        },
        {
            "char_maker": 0,
            "count": 368,
            "diamonds": 2387,
            "farmers": 84,
            "open": false,
            "server_id": 1008,
            "states": {
                "connecting_lobby": 1,
                "ingame": 1,
                "nil": 366
            }
        },
        {
            "char_maker": 0,
            "count": 403,
            "diamonds": 15350,
            "farmers": 374,
            "open": false,
            "server_id": 1010,
            "states": {
                "connecting_lobby": 5,
                "ingame": 83,
                "nil": 919,
                "proc_dead": 21
            }
        },
        {
            "char_maker": 0,
            "count": 1052,
            "diamonds": 26869,
            "farmers": 639,
            "open": false,
            "server_id": 1011,
            "states": {
                "connecting_lobby": 18,
                "ingame": 111,
                "nil": 1306,
                "proc_dead": 80
            }
        },
        {
            "char_maker": 0,
            "count": 278,
            "diamonds": 21616,
            "farmers": 278,
            "open": false,
            "server_id": 1012,
            "states": {
                "connecting_lobby": 10,
                "ingame": 93,
                "nil": 669,
                "proc_dead": 47
            }
        },
        {
            "char_maker": 0,
            "count": 276,
            "diamonds": 13925,
            "farmers": 276,
            "open": false,
            "server_id": 1013,
            "states": {
                "connecting_lobby": 5,
                "ingame": 79,
                "nil": 674,
                "proc_dead": 64
            }
        },
        {
            "char_maker": 0,
            "count": 40,
            "diamonds": 6598,
            "farmers": 40,
            "open": false,
            "server_id": 1014,
            "states": {
                "ingame": 23,
                "nil": 87,
                "proc_dead": 17
            }
        },
        {
            "char_maker": 0,
            "count": 342,
            "diamonds": 23254,
            "farmers": 342,
            "open": false,
            "server_id": 1015,
            "states": {
                "connecting_lobby": 10,
                "ingame": 98,
                "nil": 943,
                "proc_dead": 46
            }
        },
        {
            "char_maker": 0,
            "count": 131,
            "diamonds": 150583,
            "farmers": 131,
            "open": false,
            "server_id": 1016,
            "states": {
                "ingame": 111,
                "nil": 185,
                "proc_dead": 13
            }
        },
        {
            "char_maker": 0,
            "count": 112,
            "diamonds": 48063,
            "farmers": 112,
            "open": false,
            "server_id": 1017,
            "states": {
                "ingame": 89,
                "nil": 334,
                "proc_dead": 22
            }
        },
        {
            "char_maker": 0,
            "count": 30,
            "diamonds": 12702,
            "farmers": 30,
            "open": false,
            "server_id": 1018,
            "states": {
                "ingame": 26,
                "nil": 38,
                "proc_dead": 4
            }
        },
        {
            "char_maker": 0,
            "count": 640,
            "diamonds": 86868,
            "farmers": 335,
            "open": false,
            "server_id": 1019,
            "states": {
                "connecting_lobby": 8,
                "ingame": 92,
                "nil": 954,
                "proc_dead": 30
            }
        },
        {
            "char_maker": 0,
            "count": 847,
            "diamonds": 122695,
            "farmers": 647,
            "open": false,
            "server_id": 1020,
            "states": {
                "connecting_gs": 1,
                "connecting_lobby": 9,
                "ingame": 153,
                "nil": 1057,
                "proc_dead": 38
            }
        },
        {
            "char_maker": 0,
            "count": 424,
            "diamonds": 60414,
            "farmers": 424,
            "open": false,
            "server_id": 1021,
            "states": {
                "connecting_lobby": 12,
                "ingame": 138,
                "nil": 685,
                "proc_dead": 24
            }
        },
        {
            "char_maker": 0,
            "count": 760,
            "diamonds": 50136,
            "farmers": 396,
            "open": false,
            "server_id": 1022,
            "states": {
                "connecting_lobby": 4,
                "ingame": 115,
                "nil": 1133,
                "proc_dead": 18
            }
        },
        {
            "char_maker": 0,
            "count": 86,
            "diamonds": 3633,
            "farmers": 86,
            "open": false,
            "server_id": 1023,
            "states": {
                "connecting_lobby": 2,
                "ingame": 82,
                "nil": 178
            }
        },
        {
            "char_maker": 0,
            "count": 270,
            "diamonds": 44153,
            "farmers": 270,
            "open": false,
            "server_id": 1024,
            "states": {
                "connecting_lobby": 7,
                "ingame": 61,
                "nil": 436,
                "proc_dead": 55
            }
        },
        {
            "char_maker": 0,
            "count": 543,
            "diamonds": 27330,
            "farmers": 543,
            "open": false,
            "server_id": 1025,
            "states": {
                "connecting_lobby": 14,
                "ingame": 114,
                "nil": 766,
                "proc_dead": 42
            }
        },
        {
            "char_maker": 0,
            "count": 39,
            "diamonds": 5282,
            "farmers": 39,
            "open": false,
            "server_id": 1026,
            "states": {
                "ingame": 30,
                "nil": 69,
                "proc_dead": 7
            }
        },
        {
            "char_maker": 0,
            "count": 129,
            "diamonds": 42776,
            "farmers": 129,
            "open": false,
            "server_id": 1027,
            "states": {
                "connecting_gs": 3,
                "ingame": 80,
                "nil": 317,
                "proc_dead": 12
            }
        }
    ],
    "took": ["0"],
    "total": ["962354"]
}